,City,Cloudiness,Country,Date,Humidity,Lat,Lng,Max Temp,Wind Speed
0,batemans bay,0,AU,1513967978,100,-35.71,150.18,63.25,4.61
1,alice town,0,BS,1513967978,100,25.72,-79.3,75.36,6.55
2,abay,0,KZ,1513965600,83,49.63,72.87,-5.81,6.71
3,vestmanna,92,FO,1513966800,100,62.16,-7.17,48.2,19.46
4,price,1,US,1513965180,58,39.6,-110.81,24.8,8.05
5,qaanaaq,0,GL,1513967980,96,77.48,-69.36,-7.63,7.9
6,grindavik,75,IS,1513965600,80,63.84,-22.43,39.2,31.09
7,machinga,36,MW,1513967981,83,-15.18,35.3,76.62,2.37
8,toliary,,,,,,,,
9,nanakuli,40,US,1513966560,93,21.39,-158.15,69.8,10.29
10,gillette,90,US,1513965180,85,44.29,-105.5,19.4,10.29
11,leo,0,BF,1513967982,20,11.1,-2.1,80.58,10.31
12,novosheshminsk,80,RU,1513967982,88,55.06,51.22,15.28,7.4
13,inverness,20,GB,1513966800,93,57.48,-4.23,51.8,25.28
14,salta,40,AR,1513965600,51,-24.79,-65.41,86,2.24
15,qasigiannguit,20,GL,1513965000,39,68.82,-51.19,8.6,13.87
16,the valley,40,AI,1513965600,58,18.22,-63.06,84.2,12.75
17,fairbanks,1,US,1513965480,83,64.84,-147.72,-2.21,4.27
18,valdivia,75,CL,1513965600,51,-39.81,-73.25,60.8,12.75
19,almaznyy,44,RU,1513967985,90,48.03,40.04,25.81,8.12
20,gandorhun,12,SL,1513967986,35,8.44,-10.86,83.86,5.84
21,raychikhinsk,48,RU,1513967986,75,49.8,129.4,-6.77,1.86
22,melito di porto salvo,20,IT,1513965300,100,37.92,15.77,55.4,13.87
23,baykit,64,RU,1513967987,81,61.68,96.39,2.5,5.55
24,micheweni,0,TZ,1513967987,98,-4.97,39.83,82.6,18.52
25,diamantino,24,BR,1513967988,79,-14.4,-56.44,83.46,5.88
26,kalat,20,PK,1513967988,77,29.03,66.58,27.39,1.59
27,bintulu,75,MY,1513965600,100,3.17,113.03,77,3.36
28,belmonte,0,PT,1513967989,73,40.36,-7.35,45.84,6.06
29,dubbo,0,AU,1513965600,77,-32.25,148.6,68,9.17
30,saginaw,90,US,1513966680,99,43.42,-83.95,33.8,4.72
31,doctor pedro p. pena,,,,,,,,
32,iranshahr,0,IR,1513965600,26,27.21,60.69,59,4.7
33,ternate,90,PH,1513965600,94,14.29,120.72,77,8.05
34,champerico,5,MX,1513965180,54,16.38,-93.6,82.4,5.82
35,ust-omchug,44,RU,1513967992,11,61.13,149.63,-45.7,2.53
36,avarua,40,CK,1513965600,74,-21.21,-159.78,78.8,16.11
37,samusu,,,,,,,,
38,bursol,,,,,,,,
39,ilinskiy,75,RU,1513965600,92,55.62,38.12,23,4.47
40,blonduos,,,,,,,,
41,sturgeon bay,90,US,1513965360,100,44.83,-87.38,32,5.82
42,mayo,20,CA,1513965600,74,63.59,-135.9,-25.61,3.83
43,maputo,40,MZ,1513965600,83,-25.97,32.57,78.8,20.8
44,pangai,75,TO,1513965600,83,-19.8,-174.35,77,2.24
45,karpogory,92,RU,1513967996,86,64,44.44,26.94,4.5
46,ilam,75,IR,1513965600,46,33.64,46.42,53.6,4.7
47,kant,0,KG,1513967997,79,42.89,74.85,8.26,2.53
48,bwanga,12,TZ,1513967997,86,-3.03,31.76,66.54,2.75
49,oktyabrskaya,,,,,,,,
50,agaro,0,ET,1513967997,50,7.86,36.59,53.08,2.26
51,ondangwa,64,NA,1513967998,52,-17.91,15.98,78.69,3.09
52,uglovskoye,20,RU,1513967998,77,51.36,80.19,7.59,8.63
53,teahupoo,75,PF,1513965600,74,-17.83,-149.27,84.2,5.82
54,saint george,90,GR,1513965000,84,39.45,22.34,35.6,16.11
55,nabire,0,ID,1513968000,95,-3.36,135.5,68.38,1.97
56,tabulbah,,,,,,,,
57,ornskoldsvik,0,SE,1513966800,85,63.29,18.72,24.8,12.75
58,walvis bay,0,NA,1513968002,100,-22.95,14.51,62.85,9.86
59,bajil,24,ES,1513968002,62,38.23,-2.07,49.08,10.13
60,opuwo,32,NA,1513968002,31,-18.06,13.84,80.31,10.58
61,liverpool,90,GB,1513966800,100,53.41,-2.98,48.2,4.7
62,rajauri,,,,,,,,
63,hualmay,12,PE,1513968003,69,-11.1,-77.61,75,5.1
64,mazara del vallo,20,IT,1513965300,76,37.65,12.59,51.8,12.75
65,trofors,75,NO,1513966800,92,65.54,13.39,35.6,4.7
66,grande prairie,40,CA,1513965600,78,55.17,-118.79,12.2,14.99
67,barre,90,US,1513967220,92,44.2,-72.5,17.6,2.98
68,felipe carrillo puerto,20,MX,1513968006,61,19.58,-88.05,83.64,8.3
69,capoterra,0,IT,1513966800,81,39.18,8.97,55.4,11.41
70,tecoanapa,20,MX,1513964520,66,16.99,-99.26,87.8,8.05
71,sao tome,,,,,,,,
72,reo,36,BF,1513968007,21,12.32,-2.47,76.66,10.58
73,nara,90,JP,1513966800,70,34.68,135.8,48.2,6.93
74,saint-augustin,90,FR,1513967400,100,44.83,-0.61,48.2,1.25
75,lewistown,90,US,1513966500,72,40.39,-90.15,39.2,8.05
76,svetlaya,0,RU,1513968009,100,46.54,138.33,20.19,5.39
77,tehachapi,1,US,1513965480,14,35.13,-118.45,51.8,2.19
78,campina verde,80,BR,1513968010,92,-19.54,-49.49,76.89,4.83
79,clarksburg,90,US,1513967580,62,39.28,-80.34,57.2,6.93
80,hit,80,IQ,1513968011,84,33.64,42.83,55.29,2.82
81,mitsamiouli,20,KM,1513965600,83,-11.38,43.28,80.6,2.24
82,galveston,90,US,1513966500,100,40.58,-86.19,42.8,5.82
83,mackay,75,CA,1513965600,78,53.65,-115.58,17.6,13.87
84,dourbali,20,TD,1513968013,27,11.81,15.86,84.31,8.01
85,dongsheng,64,CN,1513968014,79,29.72,112.52,42.96,2.86
86,yarim,0,YE,1513968014,34,14.3,44.38,33.78,3.6
87,salamiyah,88,SY,1513968015,58,35.01,37.05,51.78,4.76
88,agutaya,92,PH,1513968015,100,11.15,120.94,81.12,35.3
89,yuzhno-yeniseyskiy,,,,,,,,
90,kathu,0,ZA,1513968016,47,-27.7,23.05,73.74,5.21
91,kokuy,0,RU,1513968016,52,52.2,117.55,-14.2,3.87
92,beterou,8,BJ,1513968017,35,9.2,2.26,83.86,3.2
93,mudon,0,MM,1513968017,89,16.26,97.73,68.38,3.04
94,kopavogur,75,IS,1513965600,95,64.11,-21.91,39.2,16.11
95,mehamn,75,NO,1513965000,86,71.03,27.85,33.8,24.16
96,nguiu,,,,,,,,
97,ruteng,68,ID,1513968019,99,-8.61,120.46,71.85,3.38
98,talaya,92,RU,1513968019,84,55.79,84.89,10.47,9.53
99,lincoln,40,GB,1513966800,100,53.23,-0.54,50,6.93
100,birao,0,CF,1513968020,31,10.3,22.78,80.53,6.06
101,stornoway,,,,,,,,
102,sovetskiy,88,RU,1513968020,93,56.76,48.47,19.96,7.07
103,cascais,0,PT,1513965600,62,38.7,-9.42,57.2,10.29
104,ashdod,0,IL,1513966800,48,31.8,34.65,69.8,3.36
105,valparaiso,90,US,1513966500,86,41.47,-87.06,39.2,4.7
106,millinocket,1,US,1513965360,56,45.66,-68.71,12.2,2.08
107,rognan,75,NO,1513966800,92,67.1,15.4,33.8,14.99
108,nautla,48,MX,1513968023,99,20.22,-96.78,76.21,7.11
109,leshukonskoye,88,RU,1513968024,85,64.9,45.76,27.16,4.88
110,uhlove,76,UA,1513968024,100,44.82,33.6,36.7,3.53
111,smidovich,0,RU,1513968025,57,48.6,133.81,-6.46,4.38
112,urubicha,92,BO,1513968025,85,-15.63,-63.08,79.63,5.77
113,palmer,0,AU,1513965600,58,-34.85,139.16,59,4.7
114,gedo,0,ET,1513968026,62,9.01,37.45,49.71,2.08
115,kazalinsk,,,,,,,,
116,bosanska dubica,20,BA,1513965600,85,45.18,16.81,32,2.24
117,baguanos,40,CU,1513965060,51,20.75,-76.03,84.2,12.75
118,iida,0,JP,1513968027,65,35.45,137.9,5.7,1.59
119,tual,64,ID,1513968027,100,-5.67,132.75,83.28,11.14
120,bahir dar,0,ET,1513968028,41,11.59,37.39,50.43,2.86
121,bratsk,75,RU,1513965600,84,56.15,101.63,1.4,2.24
122,ostrovskoye,24,RU,1513968029,75,57.81,42.24,7.81,6.06
123,olhao,0,PT,1513967400,87,37.03,-7.84,59,10.29
124,moba,12,CD,1513968030,100,-7.04,29.77,69.46,5.32
125,young,20,UY,1513968031,68,-32.7,-57.63,89.35,6.4
126,zhuanghe,0,CN,1513968031,100,39.7,122.97,27.57,10.65
127,honningsvag,75,NO,1513965000,80,70.98,25.97,33.8,21.92
128,brezovo,76,BG,1513967400,100,42.93,26.01,24.8,5.5
129,ambunti,92,PG,1513968033,100,-4.22,142.82,74.5,2.37
130,hunza,,,,,,,,
131,yayva,80,RU,1513968033,87,59.33,57.26,21.54,10.92
132,pangkalanbuun,44,ID,1513968034,88,-2.68,111.62,75.54,4.72
133,brigantine,90,US,1513966620,76,39.41,-74.36,51.8,8.05
134,lufilufi,44,WS,1513968035,100,-13.87,-171.6,83.28,11.77
135,kulhudhuffushi,80,MV,1513968035,100,6.62,73.07,82.51,10.92
136,sabratah,92,LY,1513968036,100,32.79,12.49,58.44,27.2
137,jishou,12,CN,1513968036,76,28.26,109.7,33.69,2.08
138,koumac,0,NC,1513968037,91,-20.56,164.28,71.13,7.4
139,kloulklubed,40,PW,1513965000,100,7.04,134.26,75.2,11.77
140,kyra,,,,,,,,
141,yarensk,48,RU,1513968038,87,62.17,49.09,24.06,5.32
142,santa cruz de la palma,75,ES,1513967400,64,28.68,-17.76,68,8.05
143,bonfim,92,BR,1513968038,79,-20.33,-44.24,75.45,4.05
144,wonthaggi,20,AU,1513968039,78,-38.6,145.59,57.13,3.83
145,puerto el triunfo,40,SV,1513965000,45,13.27,-88.55,89.6,3.36
146,salinopolis,8,BR,1513968040,86,-0.61,-47.36,84.81,15.12
147,dhanera,76,IN,1513968040,55,24.51,72.02,62.8,3.38
148,jibuti,,,,,,,,
149,muscat,0,OM,1513965000,64,23.6,58.55,68,5.82
150,tashtyp,92,RU,1513968041,73,52.8,89.89,16.45,10.31
151,matay,68,EG,1513968041,61,28.42,30.79,73.74,11.1
152,dali,0,CN,1513968042,100,25.6,100.24,37.65,2.26
153,somerset,90,US,1513965360,87,37.09,-84.6,57.2,8.05
154,carnarvon,0,ZA,1513968043,19,-30.97,22.13,68.65,5.55
155,maragogi,76,BR,1513968043,68,-9.01,-35.22,83.55,11.77
156,utiroa,,,,,,,,
157,acuna,,,,,,,,
158,elat,12,CM,1513968044,85,2.91,11.16,74.01,2.59
159,marcona,,,,,,,,
160,minab,0,IR,1513965600,40,27.15,57.07,69.8,4.7
161,umea,0,SE,1513966800,92,63.83,20.26,23,3.36
162,bolshoye sorokino,,,,,,,,
163,great yarmouth,75,GB,1513966800,100,52.61,1.73,48.2,6.93
164,cristalina,64,BR,1513968046,67,-16.77,-47.61,84.18,2.48
165,ringebu,64,NO,1513968047,69,61.53,10.14,16.5,2.75
166,new norfolk,75,AU,1513965600,58,-42.78,147.06,59,4.7
167,nhulunbuy,40,AU,1513965600,78,-12.18,136.78,82.4,4.7
168,udachnyy,56,RU,1513968048,65,66.42,112.4,-30.35,3.2
169,kalga,8,RU,1513968048,38,50.92,118.9,-8.35,3.38
170,sai buri,92,TH,1513968049,99,6.7,101.62,73.29,3.09
171,kaitangata,36,NZ,1513968049,88,-46.28,169.85,51.55,3.09
172,bonham,90,US,1513966500,93,33.58,-96.18,44.6,10.29
173,apastovo,90,RU,1513965600,92,55.2,48.51,17.6,8.95
174,bull savanna,76,JM,1513968050,61,17.89,-77.59,82.15,7.56
175,nyurba,48,RU,1513968050,60,63.29,118.35,-28.19,3.53
176,kayerkan,0,RU,1513968051,4,69.35,87.76,-27.61,2.75
177,guaiba,20,BR,1513965600,46,-30.11,-51.33,93.2,8.05
178,kamaishi,92,JP,1513968052,84,39.28,141.86,35.31,5.1
179,mutsamudu,,,,,,,,
180,petrov val,44,RU,1513968053,82,50.14,45.21,20.01,8.63
181,hovd,75,NO,1513966800,97,63.83,10.7,35.6,5.82
182,kuche,,,,,,,,
183,beni mazar,36,EG,1513968054,63,28.5,30.8,72.7,9.91
184,hvide sande,88,DK,1513966800,87,56.01,8.13,42.8,9.17
185,bronnoysund,20,NO,1513966800,80,65.46,12.2,35.6,10.29
186,omaruru,0,NA,1513968055,47,-21.42,15.95,74.23,12.15
187,kinshasa,20,CD,1513965600,83,-4.32,15.31,77,3.36
188,kastamonu,92,TR,1513968055,98,41.38,33.78,31.66,2.75
189,yanai,75,JP,1513965300,80,33.97,132.12,41,5.82
190,samfya,44,ZM,1513968056,72,-11.37,29.56,73.92,6.85
191,carballo,0,ES,1513967400,81,43.21,-8.69,51.8,4.7
192,shkotovo-26,,,,,,,,
193,goundam,0,ML,1513968057,34,16.42,-3.66,66.85,15.95
194,hulan ergi,0,CN,1513968057,40,47.2,123.63,-7.4,2.82
195,lagos,56,NG,1513965600,69,6.46,3.39,82.4,4.7
196,guangyuan,8,CN,1513968059,78,32.43,105.86,27.48,2.04
197,alekseyevsk,68,RU,1513968059,72,57.84,108.35,1.83,2.86
198,bahia blanca,0,AR,1513968012,44,-38.72,-62.27,80.71,5.5
199,shellbrook,75,CA,1513965600,51,53.22,-106.39,10.4,10.29
200,ambovombe,92,MG,1513968060,95,-25.18,46.09,73.78,18.86
201,mogocha,32,RU,1513968061,43,53.73,119.76,-10.78,5.88
202,hienghene,0,NC,1513968061,100,-20.68,164.93,76.08,14.45
203,ongole,8,IN,1513968061,93,15.51,80.05,66.85,3.31
204,jomalig,,,,,,,,
205,ortakoy,75,TR,1513965000,93,38.74,34.04,46.4,4.7
206,halalo,,,,,,,,
207,teya,75,MX,1513965000,48,21.05,-89.07,86,14.99
208,kars,0,TR,1513965600,79,40.61,43.1,37.4,12.75
209,makkaveyevo,48,RU,1513965600,61,51.75,113.95,12.2,8.95
210,katsuura,32,JP,1513968064,98,33.93,134.5,37.02,7.85
211,danjiangkou,20,CN,1513968065,73,32.54,111.51,29.5,2.86
212,barmer,12,IN,1513968065,58,25.74,71.4,56.19,4.72
213,tonantins,76,BR,1513968065,81,-2.86,-67.77,82.29,4.09
214,kota bahru,,,,,,,,
215,carmarthen,68,GB,1513965000,100,51.86,-4.31,50,5.82
216,sitka,76,US,1513968066,48,37.17,-99.65,30,9.53
217,derac,40,HT,1513965600,65,19.65,-71.82,80.6,9.17
218,verkh-usugli,8,RU,1513968067,65,52.7,115.17,-5.74,3.98
219,tchollire,0,CM,1513968068,67,8.4,14.17,80.04,2.71
220,dombarovskiy,36,RU,1513968068,72,50.76,59.54,-1.24,10.76
221,houma,36,CN,1513968069,81,35.63,111.36,20.1,0.29
222,verkhoyansk,68,RU,1513968069,13,67.55,133.39,-47.27,3.49
223,pokhara,0,NP,1513968069,82,28.21,83.99,42.28,2.19
224,caravelas,0,BR,1513968070,99,-17.73,-39.27,79.63,16.46
225,jumla,0,NP,1513968070,65,29.28,82.18,9.3,1.07
226,mackenzie,90,CA,1513965600,85,55.34,-123.09,10.4,4.7
227,marang,,,,,,,,
228,dar es salaam,0,TZ,1513968071,74,-6.81,39.28,81.03,11.65
229,vaini,12,IN,1513968071,57,15.34,74.49,65.28,5.06
230,bekhtery,68,UA,1513968072,96,46.25,32.3,33.33,9.13
231,east london,75,ZA,1513965600,94,-33.02,27.91,68,2.24
232,bagdarin,32,RU,1513968073,58,54.44,113.59,-4.34,4.27
233,bogotol,88,RU,1513968073,81,56.21,89.53,8.71,10.8
234,yining,92,CN,1513968074,81,29.04,114.56,38.73,1.97
235,antsirabe,44,MG,1513968074,90,-19.87,47.03,62.13,2.37
236,xinpu,75,TW,1513965600,72,24.83,121.07,68,4.7
237,badiraguato,75,MX,1513964580,60,25.36,-107.55,73.4,2.53
238,dunedin,48,NZ,1513968075,91,-45.87,170.5,51.46,3.2
239,nazilli,68,TR,1513968075,98,37.91,28.32,51.1,3.71
240,ladan,92,UA,1513968076,91,50.51,32.59,29.86,9.53
241,kutum,0,SD,1513968076,39,14.2,24.66,64.11,5.55
242,torrington,1,US,1513965180,72,42.06,-104.18,17.6,8.05
243,puerto rondon,64,CO,1513968077,37,6.28,-71.1,94.3,15.9
244,biak,68,ID,1513968078,100,-0.91,122.88,78.87,2.37
245,keshan,,,,,,,,
246,stromness,90,CA,1513966740,92,42.87,-79.55,33.8,6.93
247,karoi,24,ZW,1513968079,89,-16.82,29.68,70.23,1.25
248,sao miguel do araguaia,92,BR,1513968079,80,-13.28,-50.16,86.07,4.72
249,forestville,40,CA,1513965600,71,48.74,-69.09,6.8,10.29
250,barcelos,0,PT,1513967400,93,41.53,-8.62,50,2.24
251,moses lake,90,US,1513967580,100,47.13,-119.28,26.6,6.93
252,nantucket,90,US,1513966500,64,41.28,-70.1,37.4,9.17
253,fortuna,0,ES,1513967400,71,38.18,-1.13,57.2,6.93
254,amalner,56,IN,1513968082,73,21.04,75.07,61.5,4.38
255,les cayes,12,HT,1513968082,96,18.19,-73.75,83.23,5.88
256,morro bay,1,US,1513965360,49,35.37,-120.85,51.8,4.27
257,touros,48,BR,1513968083,77,-5.2,-35.46,83.46,14.94
258,port alfred,8,ZA,1513968084,100,-33.59,26.89,68.52,8.79
259,salym,88,RU,1513968084,92,60.06,71.48,21.85,5.61
260,pinyug,92,RU,1513968084,87,60.25,47.79,25.23,3.87
261,saint pete beach,0,US,1513966500,69,27.73,-82.74,78.8,3.2
262,abong mbang,36,CM,1513968085,46,3.98,13.18,81.3,2.86
263,salalah,0,OM,1513965000,24,17.01,54.1,78.8,13.87
264,gigmoto,88,PH,1513968086,100,13.78,124.39,79.18,21.39
265,babanusah,,,,,,,,
266,fort nelson,40,CA,1513965600,92,58.81,-122.69,5,2.24
267,tornio,75,FI,1513966800,92,61.12,27.27,30.2,6.93
268,umba,56,RU,1513968088,100,66.69,34.34,21.99,6.73
269,road town,40,VG,1513965600,66,18.42,-64.62,84.2,9.17
270,mildura,0,AU,1513968051,57,-34.18,142.16,61.18,2.75
271,krasnoselkup,,,,,,,,
272,praia,40,BR,1513965600,42,-20.25,-43.81,84.2,4.7
273,concepcion del uruguay,20,AR,1513968090,64,-32.48,-58.24,90.88,3.09
274,tateyama,100,JP,1513968091,92,36.66,137.31,22.08,1.97
275,kruisfontein,24,ZA,1513968091,86,-34,24.73,67.93,9.86
276,gualeguay,0,AR,1513968092,66,-33.15,-59.31,92.37,4.5
277,bagalkot,0,IN,1513968092,74,16.19,75.7,58.71,3.83
278,iskateley,68,RU,1513968093,89,67.68,53.15,26.13,16.28
279,mullaitivu,,,,,,,,
280,nalut,36,LY,1513968093,95,31.86,10.98,41.43,9.64
281,artyk,,,,,,,,
282,kyshtovka,56,RU,1513968094,88,56.56,76.62,9.7,9.64
283,kargasok,92,RU,1513968094,88,59.06,80.87,13.75,3.38
284,belyy yar,0,RU,1513965600,67,53.6,91.39,19.4,15.66
285,miyako,75,JP,1513965600,65,33.63,130.94,46.4,3.36
286,soyaux,90,FR,1513967400,93,45.64,0.19,48.2,3.36
287,la libertad,40,PE,1513965600,45,-16.38,-71.56,66.2,12.75
288,bosansko grahovo,20,BA,1513968096,80,44.18,16.37,30.18,3.71
289,kabirwala,0,PK,1513965600,82,30.4,71.87,57.2,3.53
290,zyryanka,64,RU,1513968097,69,65.73,150.89,-18.34,3.71
291,assiniboia,56,CA,1513968097,82,49.63,-105.99,11.46,12.55
292,osoyoos,75,CA,1513965600,63,49.03,-119.47,28.4,13.87
293,xingtai,8,CN,1513968098,69,37.07,114.49,21.13,2.48
294,tazmalt,75,DZ,1513965600,87,36.39,4.4,53.6,9.17
295,ko samui,44,TH,1513967864,99,9.54,99.94,81.12,14.79
296,jieshi,56,CN,1513968099,100,22.82,115.83,60.78,15.46
297,san carlos park,1,US,1513965180,61,26.47,-81.81,80.6,5.82
298,khandbari,20,NP,1513968100,64,27.38,87.21,31.17,0.96
299,yuanping,0,CN,1513968100,64,38.72,112.71,13.35,3.38
300,kaithal,0,IN,1513968100,73,29.8,76.4,52.41,9.01
301,constitucion,75,MX,1513964400,39,23.99,-104.67,64.4,20.8
302,general pico,36,AR,1513968101,50,-35.66,-63.75,87.91,9.35
303,nortelandia,48,BR,1513968006,91,-14.45,-56.8,83.37,4.21
304,boffa,48,GN,1513968102,57,10.18,-14.04,85.8,3.53
305,lakes entrance,0,AU,1513968102,97,-37.88,147.99,61.41,4.61
306,khonuu,,,,,,,,
307,svecha,92,RU,1513968103,96,58.28,47.52,24.28,4.54
308,dunkwa,8,GH,1513968103,68,5.97,-1.78,78.78,2.71
309,santa maria del tule,40,MX,1513964520,33,17.03,-96.62,73.4,3.36
310,caborca,0,MX,1513968104,36,30.58,-111.1,46.83,3.71
311,riohacha,20,CO,1513965600,46,11.54,-72.91,91.4,18.34
312,braslav,,,,,,,,
313,tawzar,,,,,,,,
314,mandal,0,MN,1513968105,26,48.82,106.5,-15.28,2.26
315,bhadrak,0,IN,1513968106,90,21.06,86.51,59.88,2.86
316,mirnyy,80,RU,1513968106,90,56.57,36.46,20.55,10.42
317,bubaque,0,GW,1513965600,34,11.28,-15.83,80.6,9.17
318,aracuai,8,BR,1513968107,60,-16.85,-42.07,86.2,7.34
319,la paz,75,MX,1513964460,45,24.15,-110.32,68,19.46
320,solnechnyy,12,RU,1513968108,37,50.72,136.64,-18.97,2.53
321,baglung,0,NP,1513968109,92,28.27,83.59,36.48,1.97
322,allende,48,MX,1513968109,100,28.34,-100.85,69.1,4.5
323,palabuhanratu,,,,,,,,
324,general roca,0,AR,1513965600,51,-39.03,-67.58,80.6,14.99
325,wanaka,32,NZ,1513968110,99,-44.7,169.14,43.5,1.97
326,amurzet,0,CN,1513968110,51,47.69,131.09,-12.22,2.71
327,dalvik,0,SE,1513966800,93,57.79,14.13,35.6,6.93
328,koksovyy,36,RU,1513968111,91,48.2,40.6,25.86,7.74
329,eqbaliyeh,0,IR,1513965600,85,35.3,51.54,55.4,6.93
330,pusad,56,IN,1513968113,75,19.91,77.57,59.16,2.82
331,yirol,,,,,,,,
332,saurimo,20,AO,1513968113,93,-9.66,20.4,69.87,3.38
333,luderitz,12,NA,1513968114,79,-26.65,15.16,63.66,15.05
334,brownsville,40,US,1513967340,66,25.91,-97.49,84.2,31.09
335,letpadan,0,MM,1513968115,83,17.78,95.75,58.3,2.26
336,tolmin,40,IT,1513967400,92,46.18,13.73,41,3.36
337,shelburne,90,CA,1513966320,79,44.08,-80.2,23,8.05
338,toora-khem,68,RU,1513968116,70,52.47,96.11,-3.49,2.75
339,kaeo,92,NZ,1513968116,98,-35.1,173.78,63.48,5.88
340,saryshagan,,,,,,,,
341,nuuk,75,GL,1513965000,74,64.17,-51.74,33.8,17.22
342,quatre cocos,40,MU,1513965600,74,-20.21,57.76,78.8,3.36
343,kapit,76,MY,1513968118,98,2.02,112.94,73.96,2.04
344,waipawa,64,NZ,1513968118,90,-39.94,176.59,54.12,3.6
345,damnoen saduak,20,TH,1513968118,64,13.52,99.95,69.46,6.55
346,narok,12,KE,1513968119,50,-1.09,35.87,65.46,9.13
347,san jeronimo,40,PE,1513965600,58,-13.65,-73.37,55.4,2.37
348,lebyazhye,75,RU,1513965600,98,59.96,29.42,32,4.47
349,binghamton,90,US,1513965300,82,42.1,-75.91,32,10.29
350,cap malheureux,40,MU,1513965600,74,-19.98,57.61,78.8,3.36
351,arraial do cabo,75,BR,1513965600,74,-22.97,-42.02,87.8,17.22
352,kaa-khem,76,RU,1513968122,61,51.7,94.56,-9.7,2.75
353,barbar,,,,,,,,
354,aykhal,56,RU,1513968122,64,65.95,111.51,-30.4,3.71
355,jackson,90,US,1513967160,100,35.61,-88.82,60.8,6.93
356,valenca,0,BR,1513968123,80,-13.37,-39.07,82.02,11.36
357,pimentel,12,BR,1513968124,71,-3.7,-45.5,88.59,4.76
358,bandar-e torkaman,,,,,,,,
359,sentyabrskiy,,,,,,,,
360,hofn,40,IS,1513965600,80,64.25,-15.21,39.2,19.46
361,dingli,0,MT,1513966500,70,35.86,14.38,46.4,2.24
362,samalaeulu,,,,,,,,
363,rancho palos verdes,5,US,1513965480,16,33.75,-118.37,60.8,7.63
364,umm ruwabah,,,,,,,,
365,bang saphan,36,TH,1513968126,65,11.21,99.51,78.24,9.64
366,bourail,20,NC,1513968127,97,-21.57,165.5,62.31,3.04
367,galle,90,US,1513966860,100,29.74,-97.91,73.4,17.22
368,seoul,40,KR,1513965600,88,37.57,126.98,41,6.93
369,tatvan,20,TR,1513968128,80,38.5,42.28,35.26,4.27
370,sonepur,0,IN,1513965600,88,25.7,85.16,62.6,3.36
371,neufchateau,90,FR,1513967400,100,48.35,5.7,48.2,3.31
372,yar,80,RU,1513968129,88,58.24,52.11,18.3,9.24
373,sorvag,,,,,,,,
374,madimba,75,CM,1513965600,88,4.42,9.93,80.6,3.36
375,ahipara,100,NZ,1513968130,100,-35.17,173.16,64.38,5.88
376,nakskov,44,DK,1513968130,93,54.84,11.13,41.65,17.81
377,maceio,75,BR,1513965600,69,-9.67,-35.74,82.4,14.99
378,cervo,68,BR,1513968131,88,-22.19,-46.24,70.41,6.78
379,sheridan,20,US,1513965480,44,39.65,-105.03,39.2,11.41
380,concepcion,0,CO,1513968132,41,9.56,-73.66,95.34,2.98
381,high prairie,76,CA,1513968133,78,55.43,-116.48,14.83,8.86
382,wulanhaote,,,,,,,,
383,norsup,0,VU,1513968133,98,-16.07,167.38,76.3,9.91
384,ferrol,0,ES,1513967400,81,43.48,-8.23,51.8,4.7
385,wareham,75,GB,1513966800,100,50.69,-2.11,50,2.24
386,varnamo,75,SE,1513966800,93,57.19,14.04,35.6,6.93
387,jaque,,,,,,,,
388,san borja,92,BO,1513968135,97,-14.86,-66.75,74.68,4.32
389,maghama,,,,,,,,
390,tagusao,92,PH,1513968136,100,9.19,117.81,73.47,3.87
391,vancouver,90,US,1513966740,93,45.63,-122.67,37.4,2.08
392,pasighat,32,IN,1513968136,78,28.06,95.33,52.59,1.74
393,amatlan,,,,,,,,
394,chernyshkovskiy,24,RU,1513968137,89,48.42,42.23,25,8.86
395,tumannyy,,,,,,,,
396,lasa,20,CY,1513967400,60,34.92,32.53,69.8,5.82
397,cortez,1,US,1513965180,46,37.35,-108.58,30.2,13.87
398,oytal,0,KZ,1513968138,68,42.91,73.27,14.2,3.27
399,usinsk,80,RU,1513968070,89,66,57.56,24.87,11.59
400,dogondoutchi,36,NE,1513968139,22,13.64,4.03,80.8,10.31
401,mokhotlong,8,LS,1513968139,86,-29.29,29.06,50.56,2.48
402,morant bay,40,JM,1513965600,62,17.88,-76.41,87.8,6.93
403,faribault,75,US,1513966500,79,44.3,-93.27,24.8,6.93
404,oranzherei,90,RU,1513965600,100,45.85,47.57,28.4,11.18
405,paamiut,0,GL,1513968141,89,61.99,-49.67,31.17,7.23
406,sembe,,,,,,,,
407,dalbandin,0,PK,1513968142,83,28.9,64.41,44.22,2.71
408,grand gaube,40,MU,1513965600,74,-20.01,57.66,78.8,3.36
409,barentsburg,,,,,,,,
410,san martin,1,US,1513965360,52,37.08,-121.61,48.2,4.7
411,plettenberg bay,92,ZA,1513968143,96,-34.05,23.37,66.09,14.34
412,gurgan,,,,,,,,
413,bali chak,0,IN,1513968144,86,22.37,87.55,58.8,2.82
414,monroe,90,US,1513966740,89,41.91,-83.4,37.4,2.82
415,samatau,,,,,,,,
416,kiunga,92,PG,1513968145,99,-6.12,141.3,73.65,2.19
417,palu,20,ID,1513968145,89,-0.9,119.87,64.47,1.74
418,blackfoot,75,US,1513965180,58,43.19,-112.35,32,18.34
419,deder,0,ET,1513968146,76,9.31,41.44,53.31,4.38
420,sarkand,8,KZ,1513968146,67,45.41,79.91,3.18,2.86
421,bury saint edmunds,,,,,,,,
422,sorland,75,NO,1513965000,86,67.67,12.69,35.6,4.7
423,bundaberg,92,AU,1513968147,99,-24.87,152.35,77.79,5.39
424,shimanovsk,68,RU,1513968148,56,52,127.67,-14.87,2.86
425,aras,0,YE,1513968148,34,14.28,44.38,33.78,3.6
426,kangaatsiaq,8,GL,1513968149,100,68.31,-53.46,11.05,9.53
427,lebu,0,ET,1513968149,86,8.96,38.73,36.93,3.09
428,panguna,92,PG,1513968150,95,-6.32,155.48,72.75,2.59
429,portage,90,US,1513966500,100,42.2,-85.58,37.4,4.5
430,caraubas,48,BR,1513968151,65,-5.79,-37.56,84.18,9.08
431,odweyne,,,,,,,,
432,mastic beach,90,US,1513966500,70,40.77,-72.85,46.4,8.05
433,pozo colorado,36,PY,1513968152,100,-23.49,-58.8,79.32,11.59
434,emba,20,CY,1513967400,60,34.81,32.42,69.8,5.82
435,vangaindrano,92,MG,1513968153,100,-23.35,47.6,68.25,3.04
436,nemuro,0,JP,1513968153,100,43.32,145.57,36.43,13.67
437,raudeberg,75,NO,1513966800,93,61.99,5.14,44.6,19.46
438,nanning,90,CN,1513965600,62,22.83,108.3,59,4.47
439,buraydah,40,SA,1513965600,36,26.33,43.97,64.4,6.93
440,hendijan,,,,,,,,
441,taoudenni,0,ML,1513968155,25,22.68,-3.98,58.75,17.63
442,promyshlennaya,40,RU,1513965600,85,54.92,85.64,12.2,8.95
443,mantalongon,75,PH,1513965600,94,10.13,123.58,78.8,11.41
444,shanghai,68,CN,1513965600,87,31.23,121.49,48.2,6.71
445,borisoglebsk,80,RU,1513968157,82,51.37,42.08,18.57,7.07
446,pervomayskiy,76,RU,1513968157,87,53.24,40.29,22.98,7.4
447,popondetta,80,PG,1513968158,97,-8.77,148.24,67.48,2.08
448,gisborne,92,NZ,1513967961,77,-38.66,178.02,59.88,8.57
449,strezhevoy,40,RU,1513965600,100,60.73,77.6,17.6,4.47
450,butaritari,76,KI,1513968159,100,3.07,172.79,81.21,17.13
451,sechura,0,PE,1513968159,74,-5.56,-80.82,78.78,9.57
452,arkhangelskoye,64,RU,1513968160,85,54.46,37.62,17.4,7.29
453,xai-xai,20,MZ,1513968160,82,-25.04,33.64,81.61,15.95
454,clyde river,75,CA,1513965600,75,70.47,-68.59,-14.81,6.93
455,bosaso,0,SO,1513968161,98,11.28,49.18,76.17,16.84
456,shizuishan,24,CN,1513968161,60,39.02,106.36,2.82,3.04
457,uruguaiana,75,BR,1513965600,88,-29.77,-57.08,77,5.82
458,lima,64,PE,1513968162,72,-12.06,-77.04,70.14,2.86
459,porto novo,75,BR,1513965600,94,-23.68,-45.44,68,3.36
460,fez,0,MA,1513965600,46,34.03,-5.02,53.6,3.36
461,taolanaro,,,,,,,,
462,bahar,40,IR,1513965120,54,34.91,48.44,50,2.24
463,manacapuru,92,BR,1513968163,97,-3.3,-60.62,77.16,3.83
464,souillac,90,FR,1513967400,87,45.6,-0.6,48.2,3.36
465,yichun,76,CN,1513968164,92,27.8,114.38,40.98,2.37
466,oktyabrskoye,88,RU,1513968164,76,56.73,85.44,7.77,4.54
467,sorong,0,ID,1513968165,100,-0.86,131.25,84,2.98
468,taltal,0,CL,1513968165,55,-25.41,-70.49,71.4,5.55
469,tuysarkan,,,,,,,,
470,santa cruz del sur,0,CU,1513968166,68,20.71,-78,83.19,13.94
471,kondinskoye,12,RU,1513968166,95,59.65,67.41,15.46,5.32
472,george,56,NG,1513965600,69,6.63,3.35,82.4,4.7
473,voh,20,NC,1513968167,100,-20.95,164.69,74.41,9.24
474,tambun,75,MY,1513965600,83,4.62,101.14,80.6,5.82
475,kesennuma,,,,,,,,
476,abu jubayhah,,,,,,,,
477,herat,8,AF,1513968168,79,34.35,62.22,38.82,3.49
478,san fernando,0,CL,1513965600,30,-34.58,-70.99,80.6,11.41
479,kitimat,5,CA,1513965600,78,54.02,-128.69,15.8,19.46
480,mahur,12,IN,1513968170,88,25.18,93.12,53.13,1.86
481,palmerston,90,CA,1513966320,85,43.83,-80.85,23,10.29
482,narang,0,PK,1513965600,66,32.43,73.82,53.6,4.7
483,swan hill,8,AU,1513968171,61,-35.34,143.56,60.01,4.61
484,viedma,0,AR,1513968171,24,-40.81,-62.99,80.8,7
485,rurrenabaque,75,BO,1513965600,74,-14.44,-67.53,86,11.41
486,chugunash,,,,,,,,
487,namibe,12,AO,1513968172,100,-15.19,12.15,70.41,12.33
488,mandalgovi,0,MN,1513968172,62,45.76,106.27,8.71,9.8
489,malwan,,,,,,,,
490,lokachi,92,UA,1513968173,95,50.74,24.65,33.78,14.83
491,bafq,20,IR,1513968173,76,31.6,55.4,40.98,2.75
492,afzalpur,0,IN,1513968174,56,17.2,76.36,64.15,9.57
493,hobart,75,AU,1513965600,58,-42.88,147.33,59,4.7
494,jiddah,,,,,,,,
495,rio grande city,1,US,1513966500,54,26.38,-98.82,84.2,21.92
496,honiara,20,SB,1513965600,94,-9.43,159.96,73.4,2.24
497,chengde,0,CN,1513968175,57,40.97,117.93,6.78,2.04
498,florianopolis,40,BR,1513965600,66,-27.6,-48.55,84.2,11.41
499,san cristobal,75,EC,1513965600,59,-0.39,-78.55,66.2,21.92
500,skjervoy,75,NO,1513965000,80,70.03,20.97,35.6,26.4
501,tubmanburg,0,LR,1513968177,53,6.87,-10.82,85.71,3.2
502,zdvinsk,80,RU,1513968178,89,54.7,78.67,11.46,11.03
503,alugan,68,PH,1513968178,100,12.22,125.48,78.24,17.69
504,simpang,75,MY,1513965600,83,4.82,100.71,80.6,5.82
505,karakendzha,,,,,,,,
506,awjilah,76,LY,1513968179,59,29.14,21.3,62.04,13.15
507,ancud,76,CL,1513968180,66,-41.87,-73.83,53.94,10.42
508,ribeira grande,20,PT,1513967400,77,38.52,-28.7,64.4,5.82
509,havoysund,75,NO,1513966800,80,71,24.66,33.8,23.04
510,kishtwar,0,IN,1513968181,40,33.31,75.77,21.63,2.86
511,tonkino,92,RU,1513968181,93,57.37,46.46,23.79,4.05
512,san ramon de la nueva oran,32,AR,1513968182,85,-23.13,-64.33,85.44,4.38
513,stoyba,,,,,,,,
514,takaungu,20,KE,1513968183,75,-3.68,39.86,78.28,9.53
515,panacan,75,PH,1513965600,94,7.15,125.66,77,3.98
516,goba,0,ET,1513968184,70,7.01,39.97,41.61,3.27
517,havelock,90,US,1513967040,100,34.88,-76.9,57.2,3.38
518,huittinen,75,FI,1513966800,92,61.18,22.7,30.2,4.7
519,itaquyry,90,PY,1513965600,100,-24.93,-55.22,73.4,3.36
520,christchurch,44,NZ,1513967400,82,-43.53,172.64,60.8,12.75
521,lata,0,IN,1513968186,51,30.78,78.62,33.78,2.53
522,manokwari,36,ID,1513968187,100,-0.87,134.08,81.57,3.87
523,ixtapa,75,MX,1513964760,69,20.71,-105.21,78.8,2.82
524,yulin,12,CN,1513968188,77,38.3,109.75,13.71,10.76
525,baiyin,80,CN,1513965600,56,36.55,104.13,15.8,2.24
526,acin,,,,,,,,
527,sinnamary,76,GF,1513968189,94,5.38,-52.96,81.25,9.86
528,ust-tsilma,88,RU,1513968189,78,65.44,52.15,25.63,6.89
529,savalou,36,BJ,1513968190,44,7.93,1.98,83.19,4.09
530,hamina,75,FI,1513966800,92,60.57,27.2,30.2,6.93
531,cangzhou,0,CN,1513968191,56,38.3,116.85,20.01,2.98
532,hami,56,CN,1513968191,69,42.84,93.51,11.41,2.98
533,kabwe,8,ZM,1513968191,76,-14.44,28.44,73.11,4.72
534,mananara,,,,,,,,
535,ercis,75,TR,1513965000,98,39.03,43.36,44.6,3.36
536,gevgelija,56,MK,1513968193,87,41.14,22.5,25.45,5.06
537,rawannawi,,,,,,,,
538,nouakchott,56,MR,1513968193,86,18.08,-15.98,70.14,18.19
539,lacolle,90,CA,1513966500,85,45.08,-73.37,15.8,4.7
540,paraiso,75,MX,1513964400,39,24.01,-104.61,64.4,20.8
541,burnie,20,AU,1513968195,99,-41.05,145.91,62.13,14.05
542,saint-philippe,90,CA,1513966500,65,45.36,-73.48,15.8,13.87
543,vanimo,32,PG,1513968196,100,-2.67,141.3,82.83,6.11
544,betsiamites,1,CA,1513965600,50,48.94,-68.65,6.8,12.75
545,marsa matruh,92,EG,1513968197,43,31.35,27.25,68.43,13.38
546,yanan,,,,,,,,
547,nishihara,1,JP,1513965600,80,35.74,139.53,41,4.21
548,cidreira,12,BR,1513968198,76,-30.17,-50.22,81.57,13.38
549,karamay,,,,,,,,
550,bouza,12,NE,1513968199,24,14.42,6.04,79.77,8.01
551,cabatuan,80,PH,1513968199,98,16.95,121.67,71.31,6.11
552,bontang,36,ID,1513968200,100,0.12,117.47,81.25,6.85
553,los algarrobos,40,EC,1513965600,65,-3.25,-79.94,82.4,12.75
554,burica,,,,,,,,
555,saint joseph,90,US,1513965180,86,39.77,-94.85,30.2,10.29
556,nestorion,,,,,,,,
557,tala,90,MX,1513965120,55,20.65,-103.7,66.2,2.3
558,umzimvubu,,,,,,,,
559,vanavara,36,RU,1513968202,80,60.35,102.28,-0.02,3.83
560,comodoro rivadavia,75,AR,1513966200,22,-45.87,-67.48,64.4,14.99
561,njeru,80,UG,1513968203,57,0.43,33.15,75.4,4.76
562,redondo,0,PT,1513965600,66,38.65,-7.55,51.8,1.12
563,goryachegorsk,92,RU,1513968204,70,55.41,88.92,8.13,9.53
564,inderborskiy,,,,,,,,
565,isiro,0,CD,1513968204,48,2.77,27.62,78.1,3.98
566,kizner,88,RU,1513968205,87,56.27,51.51,15.51,6.62
567,jubayl,,,,,,,,
568,manoel urbano,68,BR,1513968205,74,-8.84,-69.26,84.27,3.38
569,basoko,36,CD,1513968206,96,1.23,23.61,73.15,5.06
570,huainan,88,CN,1513968206,84,32.59,117.01,39.13,3.04
571,goma,0,CD,1513968207,100,-1.67,29.23,59.38,1.59
572,mar del plata,76,AR,1513968017,53,-46.43,-67.52,55.51,12.15
573,huescar,12,ES,1513968207,83,37.81,-2.54,33.96,2.3
574,hanstholm,92,DK,1513968208,90,57.12,8.61,44.31,16.62
575,nizwa,0,OM,1513968208,64,22.93,57.53,49.66,4.72
576,kamenka,68,RU,1513968208,94,53.19,44.05,20.95,6.85
577,dzilam gonzalez,0,MX,1513968209,51,21.28,-88.93,85.71,7.85
578,skelleftea,0,SE,1513966800,79,64.75,20.95,24.8,8.05
579,worland,1,US,1513965180,84,44.02,-107.96,12.2,3.04
580,boulder,1,US,1513966200,68,40.02,-105.27,39.2,3.09
581,ruatoria,,,,,,,,
582,qandala,8,SO,1513968211,100,11.47,49.87,63.39,5.06
583,fuyu,0,CN,1513968211,27,47.79,124.46,-13.25,5.21
584,radishchevo,80,RU,1513968211,93,52.85,47.87,18.57,5.61
585,porto-vecchio,0,FR,1513967400,93,41.59,9.28,48.2,3.36
586,hakvik,,,,,,,,
587,marfino,75,RU,1513965600,85,56.07,37.56,23,6.71
588,rocha,56,UY,1513968213,87,-34.48,-54.34,78.28,2.86
589,yulara,0,AU,1513965600,17,-25.24,130.99,77,6.93
590,raga,,,,,,,,
591,yumen,36,CN,1513968214,78,40.29,97.04,15.91,11.03
592,skibbereen,75,IE,1513965600,93,51.55,-9.27,50,8.05
593,vrangel,24,RU,1513968214,100,42.73,133.08,32.79,8.9
594,valley,88,GB,1513965000,100,53.28,-4.56,48.2,8.05
595,gornopravdinsk,88,RU,1513968215,88,60.06,69.92,21.72,6.06
596,shwebo,0,MM,1513968216,82,22.57,95.7,57.18,2.53
597,revelstoke,40,CA,1513965600,73,50.99,-118.19,23,10.29
598,illoqqortoormiut,,,,,,,,
599,coquimbo,75,CL,1513965600,68,-29.95,-71.34,66.2,11.41
